wheel-base,length,width,curb-weight,num-of-cylinders,engine-size,bore,horsepower,city-mpg,highway-mpg,price,wheel-base,length,width,curb-weight,num-of-cylinders,engine-size,bore,horsepower,city-mpg,highway-mpg,price,make_alfa-romero,make_audi,make_bmw,make_chevrolet,make_dodge,make_honda,make_isuzu,make_jaguar,make_mazda,make_mercedes-benz,make_mercury,make_mitsubishi,make_nissan,make_peugot,make_plymouth,make_porsche,make_saab,make_subaru,make_toyota,make_volkswagen,make_volvo,fuel-type_diesel,fuel-type_gas,aspiration_std,aspiration_turbo,body-style_convertible,body-style_hardtop,body-style_hatchback,body-style_sedan,body-style_wagon,drive-wheels_4wd,drive-wheels_fwd,drive-wheels_rwd,engine-location_front,engine-location_rear,engine-type_dohc,engine-type_l,engine-type_ohc,engine-type_ohcf,engine-type_ohcv,fuel-system_1bbl,fuel-system_2bbl,fuel-system_idi,fuel-system_mfi,fuel-system_mpfi,fuel-system_spdi,fuel-system_spfi
88.6,168.8,64.1,2548,4.0,130,3.47,111.0,21,27,13495.0,88.6,168.8,64.1,2548,4.0,130,3.47,111.0,21,27,13495.0,True,False,False,False,False,False,False,False,False,False,False,False,False,False,False,False,False,False,False,False,False,False,True,True,False,True,False,False,False,False,False,False,True,True,False,True,False,False,False,False,False,False,False,False,True,False,False
88.6,168.8,64.1,2548,4.0,130,3.47,111.0,21,27,16500.0,88.6,168.8,64.1,2548,4.0,130,3.47,111.0,21,27,16500.0,True,False,False,False,False,False,False,False,False,False,False,False,False,False,False,False,False,False,False,False,False,False,True,True,False,True,False,False,False,False,False,False,True,True,False,True,False,False,False,False,False,False,False,False,True,False,False
94.5,171.2,65.5,2823,6.0,152,2.68,154.0,19,26,16500.0,94.5,171.2,65.5,2823,6.0,152,2.68,154.0,19,26,16500.0,True,False,False,False,False,False,False,False,False,False,False,False,False,False,False,False,False,False,False,False,False,False,True,True,False,False,False,True,False,False,False,False,True,True,False,False,False,False,False,True,False,False,False,False,True,False,False
99.8,176.6,66.2,2337,4.0,109,3.19,102.0,24,30,13950.0,99.8,176.6,66.2,2337,4.0,109,3.19,102.0,24,30,13950.0,False,True,False,False,False,False,False,False,False,False,False,False,False,False,False,False,False,False,False,False,False,False,True,True,False,False,False,False,True,False,False,True,False,True,False,False,False,True,False,False,False,False,False,False,True,False,False
99.4,176.6,66.4,2824,5.0,136,3.19,115.0,18,22,17450.0,99.4,176.6,66.4,2824,5.0,136,3.19,115.0,18,22,17450.0,False,True,False,False,False,False,False,False,False,False,False,False,False,False,False,False,False,False,False,False,False,False,True,True,False,False,False,False,True,False,True,False,False,True,False,False,False,True,False,False,False,False,False,False,True,False,False
99.8,177.3,66.3,2507,5.0,136,3.19,110.0,19,25,15250.0,99.8,177.3,66.3,2507,5.0,136,3.19,110.0,19,25,15250.0,False,True,False,False,False,False,False,False,False,False,False,False,False,False,False,False,False,False,False,False,False,False,True,True,False,False,False,False,True,False,False,True,False,True,False,False,False,True,False,False,False,False,False,False,True,False,False
105.8,192.7,71.4,2844,5.0,136,3.19,110.0,19,25,17710.0,105.8,192.7,71.4,2844,5.0,136,3.19,110.0,19,25,17710.0,False,True,False,False,False,False,False,False,False,False,False,False,False,False,False,False,False,False,False,False,False,False,True,True,False,False,False,False,True,False,False,True,False,True,False,False,False,True,False,False,False,False,False,False,True,False,False
105.8,192.7,71.4,2954,5.0,136,3.19,110.0,19,25,18920.0,105.8,192.7,71.4,2954,5.0,136,3.19,110.0,19,25,18920.0,False,True,False,False,False,False,False,False,False,False,False,False,False,False,False,False,False,False,False,False,False,False,True,True,False,False,False,False,False,True,False,True,False,True,False,False,False,True,False,False,False,False,False,False,True,False,False
105.8,192.7,71.4,3086,5.0,131,3.13,140.0,17,20,23875.0,105.8,192.7,71.4,3086,5.0,131,3.13,140.0,17,20,23875.0,False,True,False,False,False,False,False,False,False,False,False,False,False,False,False,False,False,False,False,False,False,False,True,False,True,False,False,False,True,False,False,True,False,True,False,False,False,True,False,False,False,False,False,False,True,False,False
101.2,176.8,64.8,2395,4.0,108,3.5,101.0,23,29,16430.0,101.2,176.8,64.8,2395,4.0,108,3.5,101.0,23,29,16430.0,False,False,True,False,False,False,False,False,False,False,False,False,False,False,False,False,False,False,False,False,False,False,True,True,False,False,False,False,True,False,False,False,True,True,False,False,False,True,False,False,False,False,False,False,True,False,False
101.2,176.8,64.8,2395,4.0,108,3.5,101.0,23,29,16925.0,101.2,176.8,64.8,2395,4.0,108,3.5,101.0,23,29,16925.0,False,False,True,False,False,False,False,False,False,False,False,False,False,False,False,False,False,False,False,False,False,False,True,True,False,False,False,False,True,False,False,False,True,True,False,False,False,True,False,False,False,False,False,False,True,False,False
101.2,176.8,64.8,2710,6.0,164,3.31,121.0,21,28,20970.0,101.2,176.8,64.8,2710,6.0,164,3.31,121.0,21,28,20970.0,False,False,True,False,False,False,False,False,False,False,False,False,False,False,False,False,False,False,False,False,False,False,True,True,False,False,False,False,True,False,False,False,True,True,False,False,False,True,False,False,False,False,False,False,True,False,False
101.2,176.8,64.8,2765,6.0,164,3.31,121.0,21,28,21105.0,101.2,176.8,64.8,2765,6.0,164,3.31,121.0,21,28,21105.0,False,False,True,False,False,False,False,False,False,False,False,False,False,False,False,False,False,False,False,False,False,False,True,True,False,False,False,False,True,False,False,False,True,True,False,False,False,True,False,False,False,False,False,False,True,False,False
103.5,189.0,66.9,3055,6.0,164,3.31,121.0,20,25,24565.0,103.5,189.0,66.9,3055,6.0,164,3.31,121.0,20,25,24565.0,False,False,True,False,False,False,False,False,False,False,False,False,False,False,False,False,False,False,False,False,False,False,True,True,False,False,False,False,True,False,False,False,True,True,False,False,False,True,False,False,False,False,False,False,True,False,False
103.5,189.0,66.9,3230,6.0,209,3.62,182.0,16,22,29680.5,103.5,189.0,66.9,3230,6.0,209,3.62,182.0,16,22,29680.5,False,False,True,False,False,False,False,False,False,False,False,False,False,False,False,False,False,False,False,False,False,False,True,True,False,False,False,False,True,False,False,False,True,True,False,False,False,True,False,False,False,False,False,False,True,False,False
103.5,193.8,67.9,3380,6.0,209,3.62,182.0,16,22,29680.5,103.5,193.8,67.9,3380,6.0,209,3.62,182.0,16,22,29680.5,False,False,True,False,False,False,False,False,False,False,False,False,False,False,False,False,False,False,False,False,False,False,True,True,False,False,False,False,True,False,False,False,True,True,False,False,False,True,False,False,False,False,False,False,True,False,False
110.0,197.0,70.9,3505,6.0,209,3.62,182.0,15,20,29680.5,110.0,197.0,70.9,3505,6.0,209,3.62,182.0,15,20,29680.5,False,False,True,False,False,False,False,False,False,False,False,False,False,False,False,False,False,False,False,False,False,False,True,True,False,False,False,False,True,False,False,False,True,True,False,False,False,True,False,False,False,False,False,False,True,False,False
88.4,141.1,60.3,1488,3.0,61,2.91,48.0,47,53,5151.0,88.4,141.1,60.3,1488,3.0,61,2.91,48.0,47,53,5151.0,False,False,False,True,False,False,False,False,False,False,False,False,False,False,False,False,False,False,False,False,False,False,True,True,False,False,False,True,False,False,False,True,False,True,False,False,True,False,False,False,False,True,False,False,False,False,False
94.5,155.9,63.6,1874,4.0,90,3.03,70.0,38,43,6295.0,94.5,155.9,63.6,1874,4.0,90,3.03,70.0,38,43,6295.0,False,False,False,True,False,False,False,False,False,False,False,False,False,False,False,False,False,False,False,False,False,False,True,True,False,False,False,True,False,False,False,True,False,True,False,False,False,True,False,False,False,True,False,False,False,False,False
94.5,158.8,63.6,1909,4.0,90,3.03,70.0,38,43,6575.0,94.5,158.8,63.6,1909,4.0,90,3.03,70.0,38,43,6575.0,False,False,False,True,False,False,False,False,False,False,False,False,False,False,False,False,False,False,False,False,False,False,True,True,False,False,False,False,True,False,False,True,False,True,False,False,False,True,False,False,False,True,False,False,False,False,False
93.7,157.3,63.8,1876,4.0,90,2.97,68.0,37,41,5572.0,93.7,157.3,63.8,1876,4.0,90,2.97,68.0,37,41,5572.0,False,False,False,False,True,False,False,False,False,False,False,False,False,False,False,False,False,False,False,False,False,False,True,True,False,False,False,True,False,False,False,True,False,True,False,False,False,True,False,False,False,True,False,False,False,False,False
93.7,157.3,63.8,1876,4.0,90,2.97,68.0,31,38,6377.0,93.7,157.3,63.8,1876,4.0,90,2.97,68.0,31,38,6377.0,False,False,False,False,True,False,False,False,False,False,False,False,False,False,False,False,False,False,False,False,False,False,True,True,False,False,False,True,False,False,False,True,False,True,False,False,False,True,False,False,False,True,False,False,False,False,False
93.7,157.3,63.8,2128,4.0,98,3.03,102.0,24,30,7957.0,93.7,157.3,63.8,2128,4.0,98,3.03,102.0,24,30,7957.0,False,False,False,False,True,False,False,False,False,False,False,False,False,False,False,False,False,False,False,False,False,False,True,False,True,False,False,True,False,False,False,True,False,True,False,False,False,True,False,False,False,False,False,False,True,False,False
93.7,157.3,63.8,1967,4.0,90,2.97,68.0,31,38,6229.0,93.7,157.3,63.8,1967,4.0,90,2.97,68.0,31,38,6229.0,False,False,False,False,True,False,False,False,False,False,False,False,False,False,False,False,False,False,False,False,False,False,True,True,False,False,False,True,False,False,False,True,False,True,False,False,False,True,False,False,False,True,False,False,False,False,False
93.7,157.3,63.8,1989,4.0,90,2.97,68.0,31,38,6692.0,93.7,157.3,63.8,1989,4.0,90,2.97,68.0,31,38,6692.0,False,False,False,False,True,False,False,False,False,False,False,False,False,False,False,False,False,False,False,False,False,False,True,True,False,False,False,False,True,False,False,True,False,True,False,False,False,True,False,False,False,True,False,False,False,False,False
93.7,157.3,63.8,1989,4.0,90,2.97,68.0,31,38,7609.0,93.7,157.3,63.8,1989,4.0,90,2.97,68.0,31,38,7609.0,False,False,False,False,True,False,False,False,False,False,False,False,False,False,False,False,False,False,False,False,False,False,True,True,False,False,False,False,True,False,False,True,False,True,False,False,False,True,False,False,False,True,False,False,False,False,False
103.3,174.6,64.6,2535,4.0,122,3.34,88.0,24,30,8921.0,103.3,174.6,64.6,2535,4.0,122,3.34,88.0,24,30,8921.0,False,False,False,False,True,False,False,False,False,False,False,False,False,False,False,False,False,False,False,False,False,False,True,True,False,False,False,False,False,True,False,True,False,True,False,False,False,True,False,False,False,True,False,False,False,False,False
95.9,173.2,66.3,2811,4.0,156,3.6,145.0,19,24,12964.0,95.9,173.2,66.3,2811,4.0,156,3.6,145.0,19,24,12964.0,False,False,False,False,True,False,False,False,False,False,False,False,False,False,False,False,False,False,False,False,False,False,True,False,True,False,False,True,False,False,False,True,False,True,False,False,False,True,False,False,False,False,False,True,False,False,False
86.6,144.6,63.9,1713,4.0,92,2.91,58.0,49,54,6479.0,86.6,144.6,63.9,1713,4.0,92,2.91,58.0,49,54,6479.0,False,False,False,False,False,True,False,False,False,False,False,False,False,False,False,False,False,False,False,False,False,False,True,True,False,False,False,True,False,False,False,True,False,True,False,False,False,True,False,False,True,False,False,False,False,False,False
86.6,144.6,63.9,1819,4.0,92,2.91,76.0,31,38,6855.0,86.6,144.6,63.9,1819,4.0,92,2.91,76.0,31,38,6855.0,False,False,False,False,False,True,False,False,False,False,False,False,False,False,False,False,False,False,False,False,False,False,True,True,False,False,False,True,False,False,False,True,False,True,False,False,False,True,False,False,True,False,False,False,False,False,False
93.7,150.0,64.0,1837,4.0,79,2.91,60.0,38,42,5399.0,93.7,150.0,64.0,1837,4.0,79,2.91,60.0,38,42,5399.0,False,False,False,False,False,True,False,False,False,False,False,False,False,False,False,False,False,False,False,False,False,False,True,True,False,False,False,True,False,False,False,True,False,True,False,False,False,True,False,False,True,False,False,False,False,False,False
93.7,150.0,64.0,1940,4.0,92,2.91,76.0,30,34,6529.0,93.7,150.0,64.0,1940,4.0,92,2.91,76.0,30,34,6529.0,False,False,False,False,False,True,False,False,False,False,False,False,False,False,False,False,False,False,False,False,False,False,True,True,False,False,False,True,False,False,False,True,False,True,False,False,False,True,False,False,True,False,False,False,False,False,False
93.7,150.0,64.0,1956,4.0,92,2.91,76.0,30,34,7129.0,93.7,150.0,64.0,1956,4.0,92,2.91,76.0,30,34,7129.0,False,False,False,False,False,True,False,False,False,False,False,False,False,False,False,False,False,False,False,False,False,False,True,True,False,False,False,True,False,False,False,True,False,True,False,False,False,True,False,False,True,False,False,False,False,False,False
96.5,163.4,64.0,2010,4.0,92,2.91,76.0,30,34,7295.0,96.5,163.4,64.0,2010,4.0,92,2.91,76.0,30,34,7295.0,False,False,False,False,False,True,False,False,False,False,False,False,False,False,False,False,False,False,False,False,False,False,True,True,False,False,False,False,True,False,False,True,False,True,False,False,False,True,False,False,True,False,False,False,False,False,False
96.5,157.1,63.9,2024,4.0,92,2.92,76.0,30,34,7295.0,96.5,157.1,63.9,2024,4.0,92,2.92,76.0,30,34,7295.0,False,False,False,False,False,True,False,False,False,False,False,False,False,False,False,False,False,False,False,False,False,False,True,True,False,False,False,False,False,True,False,True,False,True,False,False,False,True,False,False,True,False,False,False,False,False,False
96.5,167.5,65.2,2236,4.0,110,3.15,86.0,27,33,7895.0,96.5,167.5,65.2,2236,4.0,110,3.15,86.0,27,33,7895.0,False,False,False,False,False,True,False,False,False,False,False,False,False,False,False,False,False,False,False,False,False,False,True,True,False,False,False,True,False,False,False,True,False,True,False,False,False,True,False,False,True,False,False,False,False,False,False
96.5,167.5,65.2,2289,4.0,110,3.15,86.0,27,33,9095.0,96.5,167.5,65.2,2289,4.0,110,3.15,86.0,27,33,9095.0,False,False,False,False,False,True,False,False,False,False,False,False,False,False,False,False,False,False,False,False,False,False,True,True,False,False,False,True,False,False,False,True,False,True,False,False,False,True,False,False,True,False,False,False,False,False,False
96.5,175.4,65.2,2304,4.0,110,3.15,86.0,27,33,8845.0,96.5,175.4,65.2,2304,4.0,110,3.15,86.0,27,33,8845.0,False,False,False,False,False,True,False,False,False,False,False,False,False,False,False,False,False,False,False,False,False,False,True,True,False,False,False,False,True,False,False,True,False,True,False,False,False,True,False,False,True,False,False,False,False,False,False
96.5,175.4,62.5,2372,4.0,110,3.15,86.0,27,33,10295.0,96.5,175.4,62.5,2372,4.0,110,3.15,86.0,27,33,10295.0,False,False,False,False,False,True,False,False,False,False,False,False,False,False,False,False,False,False,False,False,False,False,True,True,False,False,False,False,True,False,False,True,False,True,False,False,False,True,False,False,True,False,False,False,False,False,False
96.5,175.4,65.2,2465,4.0,110,3.15,101.0,24,28,12945.0,96.5,175.4,65.2,2465,4.0,110,3.15,101.0,24,28,12945.0,False,False,False,False,False,True,False,False,False,False,False,False,False,False,False,False,False,False,False,False,False,False,True,True,False,False,False,False,True,False,False,True,False,True,False,False,False,True,False,False,False,False,False,False,True,False,False
96.5,169.1,66.0,2293,4.0,110,3.15,100.0,25,31,10345.0,96.5,169.1,66.0,2293,4.0,110,3.15,100.0,25,31,10345.0,False,False,False,False,False,True,False,False,False,False,False,False,False,False,False,False,False,False,False,False,False,False,True,True,False,False,False,False,True,False,False,True,False,True,False,False,False,True,False,False,False,True,False,False,False,False,False
94.3,170.7,61.8,2337,4.0,111,3.31,78.0,24,29,6785.0,94.3,170.7,61.8,2337,4.0,111,3.31,78.0,24,29,6785.0,False,False,False,False,False,False,True,False,False,False,False,False,False,False,False,False,False,False,False,False,False,False,True,True,False,False,False,False,True,False,False,False,True,True,False,False,False,True,False,False,False,True,False,False,False,False,False
96.0,172.6,65.2,2734,4.0,119,3.43,90.0,24,29,11048.0,96.0,172.6,65.2,2734,4.0,119,3.43,90.0,24,29,11048.0,False,False,False,False,False,False,True,False,False,False,False,False,False,False,False,False,False,False,False,False,False,False,True,True,False,False,False,True,False,False,False,False,True,True,False,False,False,True,False,False,False,False,False,False,False,False,True
113.0,199.6,69.6,4066,6.0,258,3.63,176.0,15,19,29680.5,113.0,199.6,69.6,4066,6.0,258,3.63,176.0,15,19,29680.5,False,False,False,False,False,False,False,True,False,False,False,False,False,False,False,False,False,False,False,False,False,False,True,True,False,False,False,False,True,False,False,False,True,True,False,True,False,False,False,False,False,False,False,False,True,False,False
113.0,199.6,69.6,4066,6.0,258,3.63,176.0,15,19,29680.5,113.0,199.6,69.6,4066,6.0,258,3.63,176.0,15,19,29680.5,False,False,False,False,False,False,False,True,False,False,False,False,False,False,False,False,False,False,False,False,False,False,True,True,False,False,False,False,True,False,False,False,True,True,False,True,False,False,False,False,False,False,False,False,True,False,False
102.0,191.7,70.6,3950,12.0,326,3.54,262.0,13,17,29680.5,102.0,191.7,70.6,3950,12.0,326,3.54,262.0,13,17,29680.5,False,False,False,False,False,False,False,True,False,False,False,False,False,False,False,False,False,False,False,False,False,False,True,True,False,False,False,False,True,False,False,False,True,True,False,False,False,False,False,True,False,False,False,False,True,False,False
93.1,159.1,64.2,1890,4.0,91,3.03,68.0,30,31,5195.0,93.1,159.1,64.2,1890,4.0,91,3.03,68.0,30,31,5195.0,False,False,False,False,False,False,False,False,True,False,False,False,False,False,False,False,False,False,False,False,False,False,True,True,False,False,False,True,False,False,False,True,False,True,False,False,False,True,False,False,False,True,False,False,False,False,False
93.1,159.1,64.2,1900,4.0,91,3.03,68.0,31,38,6095.0,93.1,159.1,64.2,1900,4.0,91,3.03,68.0,31,38,6095.0,False,False,False,False,False,False,False,False,True,False,False,False,False,False,False,False,False,False,False,False,False,False,True,True,False,False,False,True,False,False,False,True,False,True,False,False,False,True,False,False,False,True,False,False,False,False,False
93.1,159.1,64.2,1905,4.0,91,3.03,68.0,31,38,6795.0,93.1,159.1,64.2,1905,4.0,91,3.03,68.0,31,38,6795.0,False,False,False,False,False,False,False,False,True,False,False,False,False,False,False,False,False,False,False,False,False,False,True,True,False,False,False,True,False,False,False,True,False,True,False,False,False,True,False,False,False,True,False,False,False,False,False
93.1,166.8,64.2,1945,4.0,91,3.03,68.0,31,38,6695.0,93.1,166.8,64.2,1945,4.0,91,3.03,68.0,31,38,6695.0,False,False,False,False,False,False,False,False,True,False,False,False,False,False,False,False,False,False,False,False,False,False,True,True,False,False,False,False,True,False,False,True,False,True,False,False,False,True,False,False,False,True,False,False,False,False,False
93.1,166.8,64.2,1950,4.0,91,3.08,68.0,31,38,7395.0,93.1,166.8,64.2,1950,4.0,91,3.08,68.0,31,38,7395.0,False,False,False,False,False,False,False,False,True,False,False,False,False,False,False,False,False,False,False,False,False,False,True,True,False,False,False,False,True,False,False,True,False,True,False,False,False,True,False,False,False,True,False,False,False,False,False
98.8,177.8,66.5,2385,4.0,122,3.39,84.0,26,32,8845.0,98.8,177.8,66.5,2385,4.0,122,3.39,84.0,26,32,8845.0,False,False,False,False,False,False,False,False,True,False,False,False,False,False,False,False,False,False,False,False,False,False,True,True,False,False,False,True,False,False,False,True,False,True,False,False,False,True,False,False,False,True,False,False,False,False,False
98.8,177.8,66.5,2410,4.0,122,3.39,84.0,26,32,8495.0,98.8,177.8,66.5,2410,4.0,122,3.39,84.0,26,32,8495.0,False,False,False,False,False,False,False,False,True,False,False,False,False,False,False,False,False,False,False,False,False,False,True,True,False,False,False,False,True,False,False,True,False,True,False,False,False,True,False,False,False,True,False,False,False,False,False
98.8,177.8,66.5,2385,4.0,122,3.39,84.0,26,32,10595.0,98.8,177.8,66.5,2385,4.0,122,3.39,84.0,26,32,10595.0,False,False,False,False,False,False,False,False,True,False,False,False,False,False,False,False,False,False,False,False,False,False,True,True,False,False,False,True,False,False,False,True,False,True,False,False,False,True,False,False,False,True,False,False,False,False,False
98.8,177.8,66.5,2410,4.0,122,3.39,84.0,26,32,10245.0,98.8,177.8,66.5,2410,4.0,122,3.39,84.0,26,32,10245.0,False,False,False,False,False,False,False,False,True,False,False,False,False,False,False,False,False,False,False,False,False,False,True,True,False,False,False,False,True,False,False,True,False,True,False,False,False,True,False,False,False,True,False,False,False,False,False
98.8,177.8,66.5,2425,4.0,122,3.39,84.0,26,32,11245.0,98.8,177.8,66.5,2425,4.0,122,3.39,84.0,26,32,11245.0,False,False,False,False,False,False,False,False,True,False,False,False,False,False,False,False,False,False,False,False,False,False,True,True,False,False,False,True,False,False,False,True,False,True,False,False,False,True,False,False,False,True,False,False,False,False,False
104.9,175.0,66.1,2670,4.0,140,3.76,120.0,19,27,18280.0,104.9,175.0,66.1,2670,4.0,140,3.76,120.0,19,27,18280.0,False,False,False,False,False,False,False,False,True,False,False,False,False,False,False,False,False,False,False,False,False,False,True,True,False,False,False,False,True,False,False,False,True,True,False,False,False,True,False,False,False,False,False,False,True,False,False
104.9,175.0,66.1,2700,4.0,134,3.43,72.0,31,39,18344.0,104.9,175.0,66.1,2700,4.0,134,3.43,72.0,31,39,18344.0,False,False,False,False,False,False,False,False,True,False,False,False,False,False,False,False,False,False,False,False,False,True,False,True,False,False,False,False,True,False,False,False,True,True,False,False,False,True,False,False,False,False,True,False,False,False,False
110.0,190.9,70.3,3515,5.0,183,3.58,123.0,22,25,25552.0,110.0,190.9,70.3,3515,5.0,183,3.58,123.0,22,25,25552.0,False,False,False,False,False,False,False,False,False,True,False,False,False,False,False,False,False,False,False,False,False,True,False,False,True,False,False,False,True,False,False,False,True,True,False,False,False,True,False,False,False,False,True,False,False,False,False
110.0,190.9,70.3,3750,5.0,183,3.58,123.0,22,25,28248.0,110.0,190.9,70.3,3750,5.0,183,3.58,123.0,22,25,28248.0,False,False,False,False,False,False,False,False,False,True,False,False,False,False,False,False,False,False,False,False,False,True,False,False,True,False,False,False,False,True,False,False,True,True,False,False,False,True,False,False,False,False,True,False,False,False,False
106.7,187.5,70.3,3495,5.0,183,3.58,123.0,22,25,28176.0,106.7,187.5,70.3,3495,5.0,183,3.58,123.0,22,25,28176.0,False,False,False,False,False,False,False,False,False,True,False,False,False,False,False,False,False,False,False,False,False,True,False,False,True,False,True,False,False,False,False,False,True,True,False,False,False,True,False,False,False,False,True,False,False,False,False
115.6,202.6,71.7,3770,5.0,183,3.58,123.0,22,25,29680.5,115.6,202.6,71.7,3770,5.0,183,3.58,123.0,22,25,29680.5,False,False,False,False,False,False,False,False,False,True,False,False,False,False,False,False,False,False,False,False,False,True,False,False,True,False,False,False,True,False,False,False,True,True,False,False,False,True,False,False,False,False,True,False,False,False,False
115.6,202.6,71.7,3740,8.0,234,3.46,155.0,16,18,29680.5,115.6,202.6,71.7,3740,8.0,234,3.46,155.0,16,18,29680.5,False,False,False,False,False,False,False,False,False,True,False,False,False,False,False,False,False,False,False,False,False,False,True,True,False,False,False,False,True,False,False,False,True,True,False,False,False,False,False,True,False,False,False,False,True,False,False
96.6,180.3,70.5,3685,8.0,234,3.46,155.0,16,18,29680.5,96.6,180.3,70.5,3685,8.0,234,3.46,155.0,16,18,29680.5,False,False,False,False,False,False,False,False,False,True,False,False,False,False,False,False,False,False,False,False,False,False,True,True,False,True,False,False,False,False,False,False,True,True,False,False,False,False,False,True,False,False,False,False,True,False,False
120.9,208.1,71.7,3900,8.0,308,3.8,184.0,14,16,29680.5,120.9,208.1,71.7,3900,8.0,308,3.8,184.0,14,16,29680.5,False,False,False,False,False,False,False,False,False,True,False,False,False,False,False,False,False,False,False,False,False,False,True,True,False,False,False,False,True,False,False,False,True,True,False,False,False,False,False,True,False,False,False,False,True,False,False
112.0,199.2,72.0,3715,8.0,304,3.8,184.0,14,16,29680.5,112.0,199.2,72.0,3715,8.0,304,3.8,184.0,14,16,29680.5,False,False,False,False,False,False,False,False,False,True,False,False,False,False,False,False,False,False,False,False,False,False,True,True,False,False,True,False,False,False,False,False,True,True,False,False,False,False,False,True,False,False,False,False,True,False,False
102.7,178.4,68.0,2910,4.0,140,3.78,175.0,19,24,16503.0,102.7,178.4,68.0,2910,4.0,140,3.78,175.0,19,24,16503.0,False,False,False,False,False,False,False,False,False,False,True,False,False,False,False,False,False,False,False,False,False,False,True,False,True,False,False,True,False,False,False,False,True,True,False,False,False,True,False,False,False,False,False,False,True,False,False
93.7,157.3,64.4,1918,4.0,92,2.97,68.0,37,41,5389.0,93.7,157.3,64.4,1918,4.0,92,2.97,68.0,37,41,5389.0,False,False,False,False,False,False,False,False,False,False,False,True,False,False,False,False,False,False,False,False,False,False,True,True,False,False,False,True,False,False,False,True,False,True,False,False,False,True,False,False,False,True,False,False,False,False,False
93.7,157.3,64.4,1944,4.0,92,2.97,68.0,31,38,6189.0,93.7,157.3,64.4,1944,4.0,92,2.97,68.0,31,38,6189.0,False,False,False,False,False,False,False,False,False,False,False,True,False,False,False,False,False,False,False,False,False,False,True,True,False,False,False,True,False,False,False,True,False,True,False,False,False,True,False,False,False,True,False,False,False,False,False
93.7,157.3,64.4,2004,4.0,92,2.97,68.0,31,38,6669.0,93.7,157.3,64.4,2004,4.0,92,2.97,68.0,31,38,6669.0,False,False,False,False,False,False,False,False,False,False,False,True,False,False,False,False,False,False,False,False,False,False,True,True,False,False,False,True,False,False,False,True,False,True,False,False,False,True,False,False,False,True,False,False,False,False,False
93.0,157.3,63.8,2145,4.0,98,3.03,102.0,24,30,7689.0,93.0,157.3,63.8,2145,4.0,98,3.03,102.0,24,30,7689.0,False,False,False,False,False,False,False,False,False,False,False,True,False,False,False,False,False,False,False,False,False,False,True,False,True,False,False,True,False,False,False,True,False,True,False,False,False,True,False,False,False,False,False,False,False,True,False
96.3,173.0,65.4,2370,4.0,110,3.17,116.0,23,30,9959.0,96.3,173.0,65.4,2370,4.0,110,3.17,116.0,23,30,9959.0,False,False,False,False,False,False,False,False,False,False,False,True,False,False,False,False,False,False,False,False,False,False,True,False,True,False,False,True,False,False,False,True,False,True,False,False,False,True,False,False,False,False,False,False,False,True,False
96.3,173.0,65.4,2328,4.0,122,3.35,88.0,25,32,8499.0,96.3,173.0,65.4,2328,4.0,122,3.35,88.0,25,32,8499.0,False,False,False,False,False,False,False,False,False,False,False,True,False,False,False,False,False,False,False,False,False,False,True,True,False,False,False,True,False,False,False,True,False,True,False,False,False,True,False,False,False,True,False,False,False,False,False
95.9,173.2,66.3,2833,4.0,156,3.58,145.0,19,24,12629.0,95.9,173.2,66.3,2833,4.0,156,3.58,145.0,19,24,12629.0,False,False,False,False,False,False,False,False,False,False,False,True,False,False,False,False,False,False,False,False,False,False,True,False,True,False,False,True,False,False,False,True,False,True,False,False,False,True,False,False,False,False,False,False,False,True,False
95.9,173.2,66.3,2921,4.0,156,3.59,145.0,19,24,14869.0,95.9,173.2,66.3,2921,4.0,156,3.59,145.0,19,24,14869.0,False,False,False,False,False,False,False,False,False,False,False,True,False,False,False,False,False,False,False,False,False,False,True,False,True,False,False,True,False,False,False,True,False,True,False,False,False,True,False,False,False,False,False,False,False,True,False
95.9,173.2,66.3,2926,4.0,156,3.59,145.0,19,24,14489.0,95.9,173.2,66.3,2926,4.0,156,3.59,145.0,19,24,14489.0,False,False,False,False,False,False,False,False,False,False,False,True,False,False,False,False,False,False,False,False,False,False,True,False,True,False,False,True,False,False,False,True,False,True,False,False,False,True,False,False,False,False,False,False,False,True,False
96.3,172.4,65.4,2365,4.0,122,3.35,88.0,25,32,6989.0,96.3,172.4,65.4,2365,4.0,122,3.35,88.0,25,32,6989.0,False,False,False,False,False,False,False,False,False,False,False,True,False,False,False,False,False,False,False,False,False,False,True,True,False,False,False,False,True,False,False,True,False,True,False,False,False,True,False,False,False,True,False,False,False,False,False
96.3,172.4,65.4,2405,4.0,122,3.35,88.0,25,32,8189.0,96.3,172.4,65.4,2405,4.0,122,3.35,88.0,25,32,8189.0,False,False,False,False,False,False,False,False,False,False,False,True,False,False,False,False,False,False,False,False,False,False,True,True,False,False,False,False,True,False,False,True,False,True,False,False,False,True,False,False,False,True,False,False,False,False,False
96.3,172.4,65.4,2403,4.0,110,3.17,116.0,23,30,9279.0,96.3,172.4,65.4,2403,4.0,110,3.17,116.0,23,30,9279.0,False,False,False,False,False,False,False,False,False,False,False,True,False,False,False,False,False,False,False,False,False,False,True,False,True,False,False,False,True,False,False,True,False,True,False,False,False,True,False,False,False,False,False,False,False,True,False
96.3,172.4,65.4,2403,4.0,110,3.17,116.0,23,30,9279.0,96.3,172.4,65.4,2403,4.0,110,3.17,116.0,23,30,9279.0,False,False,False,False,False,False,False,False,False,False,False,True,False,False,False,False,False,False,False,False,False,False,True,True,False,False,False,False,True,False,False,True,False,True,False,False,False,True,False,False,False,False,False,False,False,True,False
94.5,165.3,63.8,1889,4.0,97,3.15,69.0,31,37,5499.0,94.5,165.3,63.8,1889,4.0,97,3.15,69.0,31,37,5499.0,False,False,False,False,False,False,False,False,False,False,False,False,True,False,False,False,False,False,False,False,False,False,True,True,False,False,False,False,True,False,False,True,False,True,False,False,False,True,False,False,False,True,False,False,False,False,False
94.5,165.3,63.8,2017,4.0,103,2.99,55.0,45,50,7099.0,94.5,165.3,63.8,2017,4.0,103,2.99,55.0,45,50,7099.0,False,False,False,False,False,False,False,False,False,False,False,False,True,False,False,False,False,False,False,False,False,True,False,True,False,False,False,False,True,False,False,True,False,True,False,False,False,True,False,False,False,False,True,False,False,False,False
94.5,165.3,63.8,1918,4.0,97,3.15,69.0,31,37,6649.0,94.5,165.3,63.8,1918,4.0,97,3.15,69.0,31,37,6649.0,False,False,False,False,False,False,False,False,False,False,False,False,True,False,False,False,False,False,False,False,False,False,True,True,False,False,False,False,True,False,False,True,False,True,False,False,False,True,False,False,False,True,False,False,False,False,False
94.5,165.3,63.8,1938,4.0,97,3.15,69.0,31,37,6849.0,94.5,165.3,63.8,1938,4.0,97,3.15,69.0,31,37,6849.0,False,False,False,False,False,False,False,False,False,False,False,False,True,False,False,False,False,False,False,False,False,False,True,True,False,False,False,False,True,False,False,True,False,True,False,False,False,True,False,False,False,True,False,False,False,False,False
94.5,170.2,63.8,2024,4.0,97,3.15,69.0,31,37,7349.0,94.5,170.2,63.8,2024,4.0,97,3.15,69.0,31,37,7349.0,False,False,False,False,False,False,False,False,False,False,False,False,True,False,False,False,False,False,False,False,False,False,True,True,False,False,False,False,False,True,False,True,False,True,False,False,False,True,False,False,False,True,False,False,False,False,False
94.5,165.3,63.8,1951,4.0,97,3.15,69.0,31,37,7299.0,94.5,165.3,63.8,1951,4.0,97,3.15,69.0,31,37,7299.0,False,False,False,False,False,False,False,False,False,False,False,False,True,False,False,False,False,False,False,False,False,False,True,True,False,False,False,False,True,False,False,True,False,True,False,False,False,True,False,False,False,True,False,False,False,False,False
94.5,165.6,63.8,2028,4.0,97,3.15,69.0,31,37,7799.0,94.5,165.6,63.8,2028,4.0,97,3.15,69.0,31,37,7799.0,False,False,False,False,False,False,False,False,False,False,False,False,True,False,False,False,False,False,False,False,False,False,True,True,False,False,False,True,False,False,False,True,False,True,False,False,False,True,False,False,False,True,False,False,False,False,False
94.5,165.3,63.8,1971,4.0,97,3.15,69.0,31,37,7499.0,94.5,165.3,63.8,1971,4.0,97,3.15,69.0,31,37,7499.0,False,False,False,False,False,False,False,False,False,False,False,False,True,False,False,False,False,False,False,False,False,False,True,True,False,False,False,False,True,False,False,True,False,True,False,False,False,True,False,False,False,True,False,False,False,False,False
94.5,170.2,63.8,2037,4.0,97,3.15,69.0,31,37,7999.0,94.5,170.2,63.8,2037,4.0,97,3.15,69.0,31,37,7999.0,False,False,False,False,False,False,False,False,False,False,False,False,True,False,False,False,False,False,False,False,False,False,True,True,False,False,False,False,False,True,False,True,False,True,False,False,False,True,False,False,False,True,False,False,False,False,False
95.1,162.4,63.8,2008,4.0,97,3.15,69.0,31,37,8249.0,95.1,162.4,63.8,2008,4.0,97,3.15,69.0,31,37,8249.0,False,False,False,False,False,False,False,False,False,False,False,False,True,False,False,False,False,False,False,False,False,False,True,True,False,False,True,False,False,False,False,True,False,True,False,False,False,True,False,False,False,True,False,False,False,False,False
97.2,173.4,65.2,2324,4.0,120,3.33,97.0,27,34,8949.0,97.2,173.4,65.2,2324,4.0,120,3.33,97.0,27,34,8949.0,False,False,False,False,False,False,False,False,False,False,False,False,True,False,False,False,False,False,False,False,False,False,True,True,False,False,False,True,False,False,False,True,False,True,False,False,False,True,False,False,False,True,False,False,False,False,False
97.2,173.4,65.2,2302,4.0,120,3.33,97.0,27,34,9549.0,97.2,173.4,65.2,2302,4.0,120,3.33,97.0,27,34,9549.0,False,False,False,False,False,False,False,False,False,False,False,False,True,False,False,False,False,False,False,False,False,False,True,True,False,False,False,False,True,False,False,True,False,True,False,False,False,True,False,False,False,True,False,False,False,False,False
100.4,181.7,66.5,3095,6.0,181,3.43,152.0,17,22,13499.0,100.4,181.7,66.5,3095,6.0,181,3.43,152.0,17,22,13499.0,False,False,False,False,False,False,False,False,False,False,False,False,True,False,False,False,False,False,False,False,False,False,True,True,False,False,False,False,True,False,False,True,False,True,False,False,False,False,False,True,False,False,False,False,True,False,False
100.4,184.6,66.5,3296,6.0,181,3.43,152.0,17,22,14399.0,100.4,184.6,66.5,3296,6.0,181,3.43,152.0,17,22,14399.0,False,False,False,False,False,False,False,False,False,False,False,False,True,False,False,False,False,False,False,False,False,False,True,True,False,False,False,False,False,True,False,True,False,True,False,False,False,False,False,True,False,False,False,False,True,False,False
100.4,184.6,66.5,3060,6.0,181,3.43,152.0,19,25,13499.0,100.4,184.6,66.5,3060,6.0,181,3.43,152.0,19,25,13499.0,False,False,False,False,False,False,False,False,False,False,False,False,True,False,False,False,False,False,False,False,False,False,True,True,False,False,False,False,True,False,False,True,False,True,False,False,False,False,False,True,False,False,False,False,True,False,False
91.3,170.7,67.9,3071,6.0,181,3.43,160.0,19,25,17199.0,91.3,170.7,67.9,3071,6.0,181,3.43,160.0,19,25,17199.0,False,False,False,False,False,False,False,False,False,False,False,False,True,False,False,False,False,False,False,False,False,False,True,True,False,False,False,True,False,False,False,False,True,True,False,False,False,False,False,True,False,False,False,False,True,False,False
91.3,170.7,67.9,3139,6.0,181,3.43,200.0,17,23,19699.0,91.3,170.7,67.9,3139,6.0,181,3.43,200.0,17,23,19699.0,False,False,False,False,False,False,False,False,False,False,False,False,True,False,False,False,False,False,False,False,False,False,True,False,True,False,False,True,False,False,False,False,True,True,False,False,False,False,False,True,False,False,False,False,True,False,False
99.2,178.5,67.9,3139,6.0,181,3.43,160.0,19,25,18399.0,99.2,178.5,67.9,3139,6.0,181,3.43,160.0,19,25,18399.0,False,False,False,False,False,False,False,False,False,False,False,False,True,False,False,False,False,False,False,False,False,False,True,True,False,False,False,True,False,False,False,False,True,True,False,False,False,False,False,True,False,False,False,False,True,False,False
107.9,186.7,68.4,3020,4.0,120,3.46,97.0,19,24,11900.0,107.9,186.7,68.4,3020,4.0,120,3.46,97.0,19,24,11900.0,False,False,False,False,False,False,False,False,False,False,False,False,False,True,False,False,False,False,False,False,False,False,True,True,False,False,False,False,True,False,False,False,True,True,False,False,True,False,False,False,False,False,False,False,True,False,False
107.9,186.7,68.4,3197,4.0,152,3.7,95.0,28,33,13200.0,107.9,186.7,68.4,3197,4.0,152,3.7,95.0,28,33,13200.0,False,False,False,False,False,False,False,False,False,False,False,False,False,True,False,False,False,False,False,False,False,True,False,False,True,False,False,False,True,False,False,False,True,True,False,False,True,False,False,False,False,False,True,False,False,False,False
114.2,198.9,68.4,3230,4.0,120,3.46,97.0,19,24,12440.0,114.2,198.9,68.4,3230,4.0,120,3.46,97.0,19,24,12440.0,False,False,False,False,False,False,False,False,False,False,False,False,False,True,False,False,False,False,False,False,False,False,True,True,False,False,False,False,False,True,False,False,True,True,False,False,True,False,False,False,False,False,False,False,True,False,False
114.2,198.9,68.4,3430,4.0,152,3.7,95.0,25,25,13860.0,114.2,198.9,68.4,3430,4.0,152,3.7,95.0,25,25,13860.0,False,False,False,False,False,False,False,False,False,False,False,False,False,True,False,False,False,False,False,False,False,True,False,False,True,False,False,False,False,True,False,False,True,True,False,False,True,False,False,False,False,False,True,False,False,False,False
107.9,186.7,68.4,3075,4.0,120,3.46,95.0,19,24,15580.0,107.9,186.7,68.4,3075,4.0,120,3.46,95.0,19,24,15580.0,False,False,False,False,False,False,False,False,False,False,False,False,False,True,False,False,False,False,False,False,False,False,True,True,False,False,False,False,True,False,False,False,True,True,False,False,True,False,False,False,False,False,False,False,True,False,False
107.9,186.7,68.4,3252,4.0,152,3.7,95.0,28,33,16900.0,107.9,186.7,68.4,3252,4.0,152,3.7,95.0,28,33,16900.0,False,False,False,False,False,False,False,False,False,False,False,False,False,True,False,False,False,False,False,False,False,True,False,False,True,False,False,False,True,False,False,False,True,True,False,False,True,False,False,False,False,False,True,False,False,False,False
114.2,198.9,68.4,3285,4.0,120,3.46,95.0,19,24,16695.0,114.2,198.9,68.4,3285,4.0,120,3.46,95.0,19,24,16695.0,False,False,False,False,False,False,False,False,False,False,False,False,False,True,False,False,False,False,False,False,False,False,True,True,False,False,False,False,False,True,False,False,True,True,False,False,True,False,False,False,False,False,False,False,True,False,False
114.2,198.9,68.4,3485,4.0,152,3.7,95.0,25,25,17075.0,114.2,198.9,68.4,3485,4.0,152,3.7,95.0,25,25,17075.0,False,False,False,False,False,False,False,False,False,False,False,False,False,True,False,False,False,False,False,False,False,True,False,False,True,False,False,False,False,True,False,False,True,True,False,False,True,False,False,False,False,False,True,False,False,False,False
107.9,186.7,68.4,3075,4.0,120,3.46,97.0,19,24,16630.0,107.9,186.7,68.4,3075,4.0,120,3.46,97.0,19,24,16630.0,False,False,False,False,False,False,False,False,False,False,False,False,False,True,False,False,False,False,False,False,False,False,True,True,False,False,False,False,True,False,False,False,True,True,False,False,True,False,False,False,False,False,False,False,True,False,False
107.9,186.7,68.4,3252,4.0,152,3.7,95.0,28,33,17950.0,107.9,186.7,68.4,3252,4.0,152,3.7,95.0,28,33,17950.0,False,False,False,False,False,False,False,False,False,False,False,False,False,True,False,False,False,False,False,False,False,True,False,False,True,False,False,False,True,False,False,False,True,True,False,False,True,False,False,False,False,False,True,False,False,False,False
108.0,186.7,68.3,3130,4.0,134,3.61,142.0,18,24,18150.0,108.0,186.7,68.3,3130,4.0,134,3.61,142.0,18,24,18150.0,False,False,False,False,False,False,False,False,False,False,False,False,False,True,False,False,False,False,False,False,False,False,True,False,True,False,False,False,True,False,False,False,True,True,False,False,True,False,False,False,False,False,False,False,True,False,False
93.7,157.3,63.8,1918,4.0,90,2.97,68.0,37,41,5572.0,93.7,157.3,63.8,1918,4.0,90,2.97,68.0,37,41,5572.0,False,False,False,False,False,False,False,False,False,False,False,False,False,False,True,False,False,False,False,False,False,False,True,True,False,False,False,True,False,False,False,True,False,True,False,False,False,True,False,False,False,True,False,False,False,False,False
93.7,157.3,63.8,2128,4.0,98,3.03,102.0,24,30,7957.0,93.7,157.3,63.8,2128,4.0,98,3.03,102.0,24,30,7957.0,False,False,False,False,False,False,False,False,False,False,False,False,False,False,True,False,False,False,False,False,False,False,True,False,True,False,False,True,False,False,False,True,False,True,False,False,False,True,False,False,False,False,False,False,False,True,False
93.7,157.3,63.8,1967,4.0,90,2.97,68.0,31,38,6229.0,93.7,157.3,63.8,1967,4.0,90,2.97,68.0,31,38,6229.0,False,False,False,False,False,False,False,False,False,False,False,False,False,False,True,False,False,False,False,False,False,False,True,True,False,False,False,True,False,False,False,True,False,True,False,False,False,True,False,False,False,True,False,False,False,False,False
93.7,167.3,63.8,1989,4.0,90,2.97,68.0,31,38,6692.0,93.7,167.3,63.8,1989,4.0,90,2.97,68.0,31,38,6692.0,False,False,False,False,False,False,False,False,False,False,False,False,False,False,True,False,False,False,False,False,False,False,True,True,False,False,False,False,True,False,False,True,False,True,False,False,False,True,False,False,False,True,False,False,False,False,False
93.7,167.3,63.8,2191,4.0,98,2.97,68.0,31,38,7609.0,93.7,167.3,63.8,2191,4.0,98,2.97,68.0,31,38,7609.0,False,False,False,False,False,False,False,False,False,False,False,False,False,False,True,False,False,False,False,False,False,False,True,True,False,False,False,False,True,False,False,True,False,True,False,False,False,True,False,False,False,True,False,False,False,False,False
103.3,174.6,64.6,2535,4.0,122,3.35,88.0,24,30,8921.0,103.3,174.6,64.6,2535,4.0,122,3.35,88.0,24,30,8921.0,False,False,False,False,False,False,False,False,False,False,False,False,False,False,True,False,False,False,False,False,False,False,True,True,False,False,False,False,False,True,False,True,False,True,False,False,False,True,False,False,False,True,False,False,False,False,False
95.9,173.2,66.3,2818,4.0,156,3.59,145.0,19,24,12764.0,95.9,173.2,66.3,2818,4.0,156,3.59,145.0,19,24,12764.0,False,False,False,False,False,False,False,False,False,False,False,False,False,False,True,False,False,False,False,False,False,False,True,False,True,False,False,True,False,False,False,False,True,True,False,False,False,True,False,False,False,False,False,False,False,True,False
94.5,168.9,68.3,2778,4.0,151,3.94,143.0,19,27,22018.0,94.5,168.9,68.3,2778,4.0,151,3.94,143.0,19,27,22018.0,False,False,False,False,False,False,False,False,False,False,False,False,False,False,False,True,False,False,False,False,False,False,True,True,False,False,False,True,False,False,False,False,True,True,False,False,False,True,False,False,False,False,False,False,True,False,False
89.5,168.9,65.0,2756,6.0,194,3.74,207.0,17,25,29680.5,89.5,168.9,65.0,2756,6.0,194,3.74,207.0,17,25,29680.5,False,False,False,False,False,False,False,False,False,False,False,False,False,False,False,True,False,False,False,False,False,False,True,True,False,False,True,False,False,False,False,False,True,False,True,False,False,False,True,False,False,False,False,False,True,False,False
89.5,168.9,65.0,2756,6.0,194,3.74,207.0,17,25,29680.5,89.5,168.9,65.0,2756,6.0,194,3.74,207.0,17,25,29680.5,False,False,False,False,False,False,False,False,False,False,False,False,False,False,False,True,False,False,False,False,False,False,True,True,False,False,True,False,False,False,False,False,True,False,True,False,False,False,True,False,False,False,False,False,True,False,False
89.5,168.9,65.0,2800,6.0,194,3.74,207.0,17,25,29680.5,89.5,168.9,65.0,2800,6.0,194,3.74,207.0,17,25,29680.5,False,False,False,False,False,False,False,False,False,False,False,False,False,False,False,True,False,False,False,False,False,False,True,True,False,True,False,False,False,False,False,False,True,False,True,False,False,False,True,False,False,False,False,False,True,False,False
99.1,186.6,66.5,2658,4.0,121,3.54,110.0,21,28,11850.0,99.1,186.6,66.5,2658,4.0,121,3.54,110.0,21,28,11850.0,False,False,False,False,False,False,False,False,False,False,False,False,False,False,False,False,True,False,False,False,False,False,True,True,False,False,False,True,False,False,False,True,False,True,False,False,False,True,False,False,False,False,False,False,True,False,False
99.1,186.6,66.5,2695,4.0,121,3.54,110.0,21,28,12170.0,99.1,186.6,66.5,2695,4.0,121,3.54,110.0,21,28,12170.0,False,False,False,False,False,False,False,False,False,False,False,False,False,False,False,False,True,False,False,False,False,False,True,True,False,False,False,False,True,False,False,True,False,True,False,False,False,True,False,False,False,False,False,False,True,False,False
99.1,186.6,66.5,2707,4.0,121,2.54,110.0,21,28,15040.0,99.1,186.6,66.5,2707,4.0,121,2.54,110.0,21,28,15040.0,False,False,False,False,False,False,False,False,False,False,False,False,False,False,False,False,True,False,False,False,False,False,True,True,False,False,False,True,False,False,False,True,False,True,False,False,False,True,False,False,False,False,False,False,True,False,False
99.1,186.6,66.5,2758,4.0,121,3.54,110.0,21,28,15510.0,99.1,186.6,66.5,2758,4.0,121,3.54,110.0,21,28,15510.0,False,False,False,False,False,False,False,False,False,False,False,False,False,False,False,False,True,False,False,False,False,False,True,True,False,False,False,False,True,False,False,True,False,True,False,False,False,True,False,False,False,False,False,False,True,False,False
99.1,186.6,66.5,2808,4.0,121,3.54,160.0,19,26,18150.0,99.1,186.6,66.5,2808,4.0,121,3.54,160.0,19,26,18150.0,False,False,False,False,False,False,False,False,False,False,False,False,False,False,False,False,True,False,False,False,False,False,True,False,True,False,False,True,False,False,False,True,False,True,False,True,False,False,False,False,False,False,False,False,True,False,False
99.1,186.6,66.5,2847,4.0,121,3.54,160.0,19,26,18620.0,99.1,186.6,66.5,2847,4.0,121,3.54,160.0,19,26,18620.0,False,False,False,False,False,False,False,False,False,False,False,False,False,False,False,False,True,False,False,False,False,False,True,False,True,False,False,False,True,False,False,True,False,True,False,True,False,False,False,False,False,False,False,False,True,False,False
93.7,156.9,63.4,2050,4.0,97,3.62,69.0,31,36,5118.0,93.7,156.9,63.4,2050,4.0,97,3.62,69.0,31,36,5118.0,False,False,False,False,False,False,False,False,False,False,False,False,False,False,False,False,False,True,False,False,False,False,True,True,False,False,False,True,False,False,False,True,False,True,False,False,False,False,True,False,False,True,False,False,False,False,False
93.7,157.9,63.6,2120,4.0,108,3.62,73.0,26,31,7053.0,93.7,157.9,63.6,2120,4.0,108,3.62,73.0,26,31,7053.0,False,False,False,False,False,False,False,False,False,False,False,False,False,False,False,False,False,True,False,False,False,False,True,True,False,False,False,True,False,False,False,True,False,True,False,False,False,False,True,False,False,True,False,False,False,False,False
93.3,157.3,63.8,2240,4.0,108,3.62,73.0,26,31,7603.0,93.3,157.3,63.8,2240,4.0,108,3.62,73.0,26,31,7603.0,False,False,False,False,False,False,False,False,False,False,False,False,False,False,False,False,False,True,False,False,False,False,True,True,False,False,False,True,False,False,True,False,False,True,False,False,False,False,True,False,False,True,False,False,False,False,False
97.2,172.0,65.4,2145,4.0,108,3.62,82.0,32,37,7126.0,97.2,172.0,65.4,2145,4.0,108,3.62,82.0,32,37,7126.0,False,False,False,False,False,False,False,False,False,False,False,False,False,False,False,False,False,True,False,False,False,False,True,True,False,False,False,False,True,False,False,True,False,True,False,False,False,False,True,False,False,True,False,False,False,False,False
97.2,172.0,65.4,2190,4.0,108,3.62,82.0,28,33,7775.0,97.2,172.0,65.4,2190,4.0,108,3.62,82.0,28,33,7775.0,False,False,False,False,False,False,False,False,False,False,False,False,False,False,False,False,False,True,False,False,False,False,True,True,False,False,False,False,True,False,False,True,False,True,False,False,False,False,True,False,False,True,False,False,False,False,False
97.2,172.0,65.4,2340,4.0,108,3.62,94.0,26,32,9960.0,97.2,172.0,65.4,2340,4.0,108,3.62,94.0,26,32,9960.0,False,False,False,False,False,False,False,False,False,False,False,False,False,False,False,False,False,True,False,False,False,False,True,True,False,False,False,False,True,False,False,True,False,True,False,False,False,False,True,False,False,False,False,False,True,False,False
97.0,172.0,65.4,2385,4.0,108,3.62,82.0,24,25,9233.0,97.0,172.0,65.4,2385,4.0,108,3.62,82.0,24,25,9233.0,False,False,False,False,False,False,False,False,False,False,False,False,False,False,False,False,False,True,False,False,False,False,True,True,False,False,False,False,True,False,True,False,False,True,False,False,False,False,True,False,False,True,False,False,False,False,False
97.0,172.0,65.4,2510,4.0,108,3.62,111.0,24,29,11259.0,97.0,172.0,65.4,2510,4.0,108,3.62,111.0,24,29,11259.0,False,False,False,False,False,False,False,False,False,False,False,False,False,False,False,False,False,True,False,False,False,False,True,False,True,False,False,False,True,False,True,False,False,True,False,False,False,False,True,False,False,False,False,False,True,False,False
97.0,173.5,65.4,2290,4.0,108,3.62,82.0,28,32,7463.0,97.0,173.5,65.4,2290,4.0,108,3.62,82.0,28,32,7463.0,False,False,False,False,False,False,False,False,False,False,False,False,False,False,False,False,False,True,False,False,False,False,True,True,False,False,False,False,False,True,False,True,False,True,False,False,False,False,True,False,False,True,False,False,False,False,False
97.0,173.5,65.4,2455,4.0,108,3.62,94.0,25,31,10198.0,97.0,173.5,65.4,2455,4.0,108,3.62,94.0,25,31,10198.0,False,False,False,False,False,False,False,False,False,False,False,False,False,False,False,False,False,True,False,False,False,False,True,True,False,False,False,False,False,True,False,True,False,True,False,False,False,False,True,False,False,False,False,False,True,False,False
96.9,173.6,65.4,2420,4.0,108,3.62,82.0,23,29,8013.0,96.9,173.6,65.4,2420,4.0,108,3.62,82.0,23,29,8013.0,False,False,False,False,False,False,False,False,False,False,False,False,False,False,False,False,False,True,False,False,False,False,True,True,False,False,False,False,False,True,True,False,False,True,False,False,False,False,True,False,False,True,False,False,False,False,False
96.9,173.6,65.4,2650,4.0,108,3.62,111.0,23,23,11694.0,96.9,173.6,65.4,2650,4.0,108,3.62,111.0,23,23,11694.0,False,False,False,False,False,False,False,False,False,False,False,False,False,False,False,False,False,True,False,False,False,False,True,False,True,False,False,False,False,True,True,False,False,True,False,False,False,False,True,False,False,False,False,False,True,False,False
95.7,158.7,63.6,1985,4.0,92,3.05,62.0,35,39,5348.0,95.7,158.7,63.6,1985,4.0,92,3.05,62.0,35,39,5348.0,False,False,False,False,False,False,False,False,False,False,False,False,False,False,False,False,False,False,True,False,False,False,True,True,False,False,False,True,False,False,False,True,False,True,False,False,False,True,False,False,False,True,False,False,False,False,False
95.7,158.7,63.6,2040,4.0,92,3.05,62.0,31,38,6338.0,95.7,158.7,63.6,2040,4.0,92,3.05,62.0,31,38,6338.0,False,False,False,False,False,False,False,False,False,False,False,False,False,False,False,False,False,False,True,False,False,False,True,True,False,False,False,True,False,False,False,True,False,True,False,False,False,True,False,False,False,True,False,False,False,False,False
95.7,158.7,63.6,2015,4.0,92,3.05,62.0,31,38,6488.0,95.7,158.7,63.6,2015,4.0,92,3.05,62.0,31,38,6488.0,False,False,False,False,False,False,False,False,False,False,False,False,False,False,False,False,False,False,True,False,False,False,True,True,False,False,False,True,False,False,False,True,False,True,False,False,False,True,False,False,False,True,False,False,False,False,False
95.7,169.7,63.6,2280,4.0,92,3.05,62.0,31,37,6918.0,95.7,169.7,63.6,2280,4.0,92,3.05,62.0,31,37,6918.0,False,False,False,False,False,False,False,False,False,False,False,False,False,False,False,False,False,False,True,False,False,False,True,True,False,False,False,False,False,True,False,True,False,True,False,False,False,True,False,False,False,True,False,False,False,False,False
95.7,169.7,63.6,2290,4.0,92,3.05,62.0,27,32,7898.0,95.7,169.7,63.6,2290,4.0,92,3.05,62.0,27,32,7898.0,False,False,False,False,False,False,False,False,False,False,False,False,False,False,False,False,False,False,True,False,False,False,True,True,False,False,False,False,False,True,True,False,False,True,False,False,False,True,False,False,False,True,False,False,False,False,False
95.7,169.7,63.6,3110,4.0,92,3.05,62.0,27,32,8778.0,95.7,169.7,63.6,3110,4.0,92,3.05,62.0,27,32,8778.0,False,False,False,False,False,False,False,False,False,False,False,False,False,False,False,False,False,False,True,False,False,False,True,True,False,False,False,False,False,True,True,False,False,True,False,False,False,True,False,False,False,True,False,False,False,False,False
95.7,166.3,64.4,2081,4.0,98,3.19,70.0,30,37,6938.0,95.7,166.3,64.4,2081,4.0,98,3.19,70.0,30,37,6938.0,False,False,False,False,False,False,False,False,False,False,False,False,False,False,False,False,False,False,True,False,False,False,True,True,False,False,False,False,True,False,False,True,False,True,False,False,False,True,False,False,False,True,False,False,False,False,False
95.7,166.3,64.4,2109,4.0,98,3.19,70.0,30,37,7198.0,95.7,166.3,64.4,2109,4.0,98,3.19,70.0,30,37,7198.0,False,False,False,False,False,False,False,False,False,False,False,False,False,False,False,False,False,False,True,False,False,False,True,True,False,False,False,True,False,False,False,True,False,True,False,False,False,True,False,False,False,True,False,False,False,False,False
95.7,166.3,64.4,2275,4.0,110,3.27,56.0,34,36,7898.0,95.7,166.3,64.4,2275,4.0,110,3.27,56.0,34,36,7898.0,False,False,False,False,False,False,False,False,False,False,False,False,False,False,False,False,False,False,True,False,False,True,False,True,False,False,False,False,True,False,False,True,False,True,False,False,False,True,False,False,False,False,True,False,False,False,False
95.7,166.3,64.4,2275,4.0,110,3.27,56.0,38,47,7788.0,95.7,166.3,64.4,2275,4.0,110,3.27,56.0,38,47,7788.0,False,False,False,False,False,False,False,False,False,False,False,False,False,False,False,False,False,False,True,False,False,True,False,True,False,False,False,True,False,False,False,True,False,True,False,False,False,True,False,False,False,False,True,False,False,False,False
95.7,166.3,64.4,2094,4.0,98,3.19,70.0,38,47,7738.0,95.7,166.3,64.4,2094,4.0,98,3.19,70.0,38,47,7738.0,False,False,False,False,False,False,False,False,False,False,False,False,False,False,False,False,False,False,True,False,False,False,True,True,False,False,False,False,True,False,False,True,False,True,False,False,False,True,False,False,False,True,False,False,False,False,False
95.7,166.3,64.4,2122,4.0,98,3.19,70.0,28,34,8358.0,95.7,166.3,64.4,2122,4.0,98,3.19,70.0,28,34,8358.0,False,False,False,False,False,False,False,False,False,False,False,False,False,False,False,False,False,False,True,False,False,False,True,True,False,False,False,True,False,False,False,True,False,True,False,False,False,True,False,False,False,True,False,False,False,False,False
95.7,166.3,64.4,2140,4.0,98,3.19,70.0,28,34,9258.0,95.7,166.3,64.4,2140,4.0,98,3.19,70.0,28,34,9258.0,False,False,False,False,False,False,False,False,False,False,False,False,False,False,False,False,False,False,True,False,False,False,True,True,False,False,False,False,True,False,False,True,False,True,False,False,False,True,False,False,False,True,False,False,False,False,False
94.5,168.7,64.0,2169,4.0,98,3.19,70.0,29,34,8058.0,94.5,168.7,64.0,2169,4.0,98,3.19,70.0,29,34,8058.0,False,False,False,False,False,False,False,False,False,False,False,False,False,False,False,False,False,False,True,False,False,False,True,True,False,False,False,False,True,False,False,False,True,True,False,False,False,True,False,False,False,True,False,False,False,False,False
94.5,168.7,64.0,2204,4.0,98,3.19,70.0,29,34,8238.0,94.5,168.7,64.0,2204,4.0,98,3.19,70.0,29,34,8238.0,False,False,False,False,False,False,False,False,False,False,False,False,False,False,False,False,False,False,True,False,False,False,True,True,False,False,False,True,False,False,False,False,True,True,False,False,False,True,False,False,False,True,False,False,False,False,False
94.5,168.7,64.0,2265,4.0,98,3.24,112.0,26,29,9298.0,94.5,168.7,64.0,2265,4.0,98,3.24,112.0,26,29,9298.0,False,False,False,False,False,False,False,False,False,False,False,False,False,False,False,False,False,False,True,False,False,False,True,True,False,False,False,False,True,False,False,False,True,True,False,True,False,False,False,False,False,False,False,False,True,False,False
94.5,168.7,64.0,2300,4.0,98,3.24,112.0,26,29,9538.0,94.5,168.7,64.0,2300,4.0,98,3.24,112.0,26,29,9538.0,False,False,False,False,False,False,False,False,False,False,False,False,False,False,False,False,False,False,True,False,False,False,True,True,False,False,False,True,False,False,False,False,True,True,False,True,False,False,False,False,False,False,False,False,True,False,False
98.4,176.2,65.6,2540,4.0,146,3.62,116.0,24,30,8449.0,98.4,176.2,65.6,2540,4.0,146,3.62,116.0,24,30,8449.0,False,False,False,False,False,False,False,False,False,False,False,False,False,False,False,False,False,False,True,False,False,False,True,True,False,False,True,False,False,False,False,False,True,True,False,False,False,True,False,False,False,False,False,False,True,False,False
98.4,176.2,65.6,2536,4.0,146,3.62,116.0,24,30,9639.0,98.4,176.2,65.6,2536,4.0,146,3.62,116.0,24,30,9639.0,False,False,False,False,False,False,False,False,False,False,False,False,False,False,False,False,False,False,True,False,False,False,True,True,False,False,True,False,False,False,False,False,True,True,False,False,False,True,False,False,False,False,False,False,True,False,False
98.4,176.2,65.6,2551,4.0,146,3.62,116.0,24,30,9989.0,98.4,176.2,65.6,2551,4.0,146,3.62,116.0,24,30,9989.0,False,False,False,False,False,False,False,False,False,False,False,False,False,False,False,False,False,False,True,False,False,False,True,True,False,False,False,True,False,False,False,False,True,True,False,False,False,True,False,False,False,False,False,False,True,False,False
98.4,176.2,65.6,2679,4.0,146,3.62,116.0,24,30,11199.0,98.4,176.2,65.6,2679,4.0,146,3.62,116.0,24,30,11199.0,False,False,False,False,False,False,False,False,False,False,False,False,False,False,False,False,False,False,True,False,False,False,True,True,False,False,True,False,False,False,False,False,True,True,False,False,False,True,False,False,False,False,False,False,True,False,False
98.4,176.2,65.6,2714,4.0,146,3.62,116.0,24,30,11549.0,98.4,176.2,65.6,2714,4.0,146,3.62,116.0,24,30,11549.0,False,False,False,False,False,False,False,False,False,False,False,False,False,False,False,False,False,False,True,False,False,False,True,True,False,False,False,True,False,False,False,False,True,True,False,False,False,True,False,False,False,False,False,False,True,False,False
98.4,176.2,65.6,2975,4.0,146,3.62,116.0,24,30,17669.0,98.4,176.2,65.6,2975,4.0,146,3.62,116.0,24,30,17669.0,False,False,False,False,False,False,False,False,False,False,False,False,False,False,False,False,False,False,True,False,False,False,True,True,False,True,False,False,False,False,False,False,True,True,False,False,False,True,False,False,False,False,False,False,True,False,False
102.4,175.6,66.5,2326,4.0,122,3.31,92.0,29,34,8948.0,102.4,175.6,66.5,2326,4.0,122,3.31,92.0,29,34,8948.0,False,False,False,False,False,False,False,False,False,False,False,False,False,False,False,False,False,False,True,False,False,False,True,True,False,False,False,False,True,False,False,True,False,True,False,False,False,True,False,False,False,False,False,False,True,False,False
102.4,175.6,66.5,2480,4.0,110,3.27,73.0,30,33,10698.0,102.4,175.6,66.5,2480,4.0,110,3.27,73.0,30,33,10698.0,False,False,False,False,False,False,False,False,False,False,False,False,False,False,False,False,False,False,True,False,False,True,False,False,True,False,False,False,True,False,False,True,False,True,False,False,False,True,False,False,False,False,True,False,False,False,False
102.4,175.6,66.5,2414,4.0,122,3.31,92.0,27,32,9988.0,102.4,175.6,66.5,2414,4.0,122,3.31,92.0,27,32,9988.0,False,False,False,False,False,False,False,False,False,False,False,False,False,False,False,False,False,False,True,False,False,False,True,True,False,False,False,True,False,False,False,True,False,True,False,False,False,True,False,False,False,False,False,False,True,False,False
102.4,175.6,66.5,2414,4.0,122,3.31,92.0,27,32,10898.0,102.4,175.6,66.5,2414,4.0,122,3.31,92.0,27,32,10898.0,False,False,False,False,False,False,False,False,False,False,False,False,False,False,False,False,False,False,True,False,False,False,True,True,False,False,False,False,True,False,False,True,False,True,False,False,False,True,False,False,False,False,False,False,True,False,False
102.4,175.6,66.5,2458,4.0,122,3.31,92.0,27,32,11248.0,102.4,175.6,66.5,2458,4.0,122,3.31,92.0,27,32,11248.0,False,False,False,False,False,False,False,False,False,False,False,False,False,False,False,False,False,False,True,False,False,False,True,True,False,False,False,True,False,False,False,True,False,True,False,False,False,True,False,False,False,False,False,False,True,False,False
102.9,183.5,67.7,2976,6.0,171,3.27,161.0,20,24,16558.0,102.9,183.5,67.7,2976,6.0,171,3.27,161.0,20,24,16558.0,False,False,False,False,False,False,False,False,False,False,False,False,False,False,False,False,False,False,True,False,False,False,True,True,False,False,False,True,False,False,False,False,True,True,False,True,False,False,False,False,False,False,False,False,True,False,False
102.9,183.5,67.7,3016,6.0,171,3.27,161.0,19,24,15998.0,102.9,183.5,67.7,3016,6.0,171,3.27,161.0,19,24,15998.0,False,False,False,False,False,False,False,False,False,False,False,False,False,False,False,False,False,False,True,False,False,False,True,True,False,False,False,True,False,False,False,False,True,True,False,True,False,False,False,False,False,False,False,False,True,False,False
104.5,187.8,66.5,3131,6.0,171,3.27,156.0,20,24,15690.0,104.5,187.8,66.5,3131,6.0,171,3.27,156.0,20,24,15690.0,False,False,False,False,False,False,False,False,False,False,False,False,False,False,False,False,False,False,True,False,False,False,True,True,False,False,False,False,True,False,False,False,True,True,False,True,False,False,False,False,False,False,False,False,True,False,False
104.5,187.8,66.5,3151,6.0,161,3.27,156.0,19,24,15750.0,104.5,187.8,66.5,3151,6.0,161,3.27,156.0,19,24,15750.0,False,False,False,False,False,False,False,False,False,False,False,False,False,False,False,False,False,False,True,False,False,False,True,True,False,False,False,False,False,True,False,False,True,True,False,True,False,False,False,False,False,False,False,False,True,False,False
97.3,171.7,65.5,2261,4.0,97,3.01,52.0,37,46,7775.0,97.3,171.7,65.5,2261,4.0,97,3.01,52.0,37,46,7775.0,False,False,False,False,False,False,False,False,False,False,False,False,False,False,False,False,False,False,False,True,False,True,False,True,False,False,False,False,True,False,False,True,False,True,False,False,False,True,False,False,False,False,True,False,False,False,False
97.3,171.7,65.5,2209,4.0,109,3.19,85.0,27,34,7975.0,97.3,171.7,65.5,2209,4.0,109,3.19,85.0,27,34,7975.0,False,False,False,False,False,False,False,False,False,False,False,False,False,False,False,False,False,False,False,True,False,False,True,True,False,False,False,False,True,False,False,True,False,True,False,False,False,True,False,False,False,False,False,False,True,False,False
97.3,171.7,65.5,2264,4.0,97,3.01,52.0,37,46,7995.0,97.3,171.7,65.5,2264,4.0,97,3.01,52.0,37,46,7995.0,False,False,False,False,False,False,False,False,False,False,False,False,False,False,False,False,False,False,False,True,False,True,False,True,False,False,False,False,True,False,False,True,False,True,False,False,False,True,False,False,False,False,True,False,False,False,False
97.3,171.7,65.5,2212,4.0,109,3.19,85.0,27,34,8195.0,97.3,171.7,65.5,2212,4.0,109,3.19,85.0,27,34,8195.0,False,False,False,False,False,False,False,False,False,False,False,False,False,False,False,False,False,False,False,True,False,False,True,True,False,False,False,False,True,False,False,True,False,True,False,False,False,True,False,False,False,False,False,False,True,False,False
97.3,171.7,65.5,2275,4.0,109,3.19,85.0,27,34,8495.0,97.3,171.7,65.5,2275,4.0,109,3.19,85.0,27,34,8495.0,False,False,False,False,False,False,False,False,False,False,False,False,False,False,False,False,False,False,False,True,False,False,True,True,False,False,False,False,True,False,False,True,False,True,False,False,False,True,False,False,False,False,False,False,True,False,False
97.3,171.7,65.5,2319,4.0,97,3.01,68.0,37,42,9495.0,97.3,171.7,65.5,2319,4.0,97,3.01,68.0,37,42,9495.0,False,False,False,False,False,False,False,False,False,False,False,False,False,False,False,False,False,False,False,True,False,True,False,False,True,False,False,False,True,False,False,True,False,True,False,False,False,True,False,False,False,False,True,False,False,False,False
97.3,171.7,65.5,2300,4.0,109,3.19,100.0,26,32,9995.0,97.3,171.7,65.5,2300,4.0,109,3.19,100.0,26,32,9995.0,False,False,False,False,False,False,False,False,False,False,False,False,False,False,False,False,False,False,False,True,False,False,True,True,False,False,False,False,True,False,False,True,False,True,False,False,False,True,False,False,False,False,False,False,True,False,False
94.5,159.3,64.2,2254,4.0,109,3.19,90.0,24,29,11595.0,94.5,159.3,64.2,2254,4.0,109,3.19,90.0,24,29,11595.0,False,False,False,False,False,False,False,False,False,False,False,False,False,False,False,False,False,False,False,True,False,False,True,True,False,True,False,False,False,False,False,True,False,True,False,False,False,True,False,False,False,False,False,False,True,False,False
94.5,165.7,64.0,2221,4.0,109,3.19,90.0,24,29,9980.0,94.5,165.7,64.0,2221,4.0,109,3.19,90.0,24,29,9980.0,False,False,False,False,False,False,False,False,False,False,False,False,False,False,False,False,False,False,False,True,False,False,True,True,False,False,False,True,False,False,False,True,False,True,False,False,False,True,False,False,False,False,False,False,True,False,False
100.4,180.2,66.9,2661,5.0,136,3.19,110.0,19,24,13295.0,100.4,180.2,66.9,2661,5.0,136,3.19,110.0,19,24,13295.0,False,False,False,False,False,False,False,False,False,False,False,False,False,False,False,False,False,False,False,True,False,False,True,True,False,False,False,False,True,False,False,True,False,True,False,False,False,True,False,False,False,False,False,False,True,False,False
100.4,180.2,66.9,2579,4.0,97,3.01,68.0,33,38,13845.0,100.4,180.2,66.9,2579,4.0,97,3.01,68.0,33,38,13845.0,False,False,False,False,False,False,False,False,False,False,False,False,False,False,False,False,False,False,False,True,False,True,False,False,True,False,False,False,True,False,False,True,False,True,False,False,False,True,False,False,False,False,True,False,False,False,False
100.4,183.1,66.9,2563,4.0,109,3.19,88.0,25,31,12290.0,100.4,183.1,66.9,2563,4.0,109,3.19,88.0,25,31,12290.0,False,False,False,False,False,False,False,False,False,False,False,False,False,False,False,False,False,False,False,True,False,False,True,True,False,False,False,False,False,True,False,True,False,True,False,False,False,True,False,False,False,False,False,False,True,False,False
104.3,188.8,67.2,2912,4.0,141,3.78,114.0,23,28,12940.0,104.3,188.8,67.2,2912,4.0,141,3.78,114.0,23,28,12940.0,False,False,False,False,False,False,False,False,False,False,False,False,False,False,False,False,False,False,False,False,True,False,True,True,False,False,False,False,True,False,False,False,True,True,False,False,False,True,False,False,False,False,False,False,True,False,False
104.3,188.8,67.2,3034,4.0,141,3.78,114.0,23,28,13415.0,104.3,188.8,67.2,3034,4.0,141,3.78,114.0,23,28,13415.0,False,False,False,False,False,False,False,False,False,False,False,False,False,False,False,False,False,False,False,False,True,False,True,True,False,False,False,False,False,True,False,False,True,True,False,False,False,True,False,False,False,False,False,False,True,False,False
104.3,188.8,67.2,2935,4.0,141,3.78,114.0,24,28,15985.0,104.3,188.8,67.2,2935,4.0,141,3.78,114.0,24,28,15985.0,False,False,False,False,False,False,False,False,False,False,False,False,False,False,False,False,False,False,False,False,True,False,True,True,False,False,False,False,True,False,False,False,True,True,False,False,False,True,False,False,False,False,False,False,True,False,False
104.3,188.8,67.2,3042,4.0,141,3.78,114.0,24,28,16515.0,104.3,188.8,67.2,3042,4.0,141,3.78,114.0,24,28,16515.0,False,False,False,False,False,False,False,False,False,False,False,False,False,False,False,False,False,False,False,False,True,False,True,True,False,False,False,False,False,True,False,False,True,True,False,False,False,True,False,False,False,False,False,False,True,False,False
104.3,188.8,67.2,3045,4.0,130,3.62,162.0,17,22,18420.0,104.3,188.8,67.2,3045,4.0,130,3.62,162.0,17,22,18420.0,False,False,False,False,False,False,False,False,False,False,False,False,False,False,False,False,False,False,False,False,True,False,True,False,True,False,False,False,True,False,False,False,True,True,False,False,False,True,False,False,False,False,False,False,True,False,False
104.3,188.8,67.2,3157,4.0,130,3.62,162.0,17,22,18950.0,104.3,188.8,67.2,3157,4.0,130,3.62,162.0,17,22,18950.0,False,False,False,False,False,False,False,False,False,False,False,False,False,False,False,False,False,False,False,False,True,False,True,False,True,False,False,False,False,True,False,False,True,True,False,False,False,True,False,False,False,False,False,False,True,False,False
109.1,188.8,68.9,2952,4.0,141,3.78,114.0,23,28,16845.0,109.1,188.8,68.9,2952,4.0,141,3.78,114.0,23,28,16845.0,False,False,False,False,False,False,False,False,False,False,False,False,False,False,False,False,False,False,False,False,True,False,True,True,False,False,False,False,True,False,False,False,True,True,False,False,False,True,False,False,False,False,False,False,True,False,False
109.1,188.8,68.8,3049,4.0,141,3.78,160.0,19,25,19045.0,109.1,188.8,68.8,3049,4.0,141,3.78,160.0,19,25,19045.0,False,False,False,False,False,False,False,False,False,False,False,False,False,False,False,False,False,False,False,False,True,False,True,False,True,False,False,False,True,False,False,False,True,True,False,False,False,True,False,False,False,False,False,False,True,False,False
109.1,188.8,68.9,3012,6.0,173,3.58,134.0,18,23,21485.0,109.1,188.8,68.9,3012,6.0,173,3.58,134.0,18,23,21485.0,False,False,False,False,False,False,False,False,False,False,False,False,False,False,False,False,False,False,False,False,True,False,True,True,False,False,False,False,True,False,False,False,True,True,False,False,False,False,False,True,False,False,False,False,True,False,False
109.1,188.8,68.9,3217,6.0,145,3.01,106.0,26,27,22470.0,109.1,188.8,68.9,3217,6.0,145,3.01,106.0,26,27,22470.0,False,False,False,False,False,False,False,False,False,False,False,False,False,False,False,False,False,False,False,False,True,True,False,False,True,False,False,False,True,False,False,False,True,True,False,False,False,True,False,False,False,False,True,False,False,False,False
109.1,188.8,68.9,3062,4.0,141,3.78,114.0,19,25,22625.0,109.1,188.8,68.9,3062,4.0,141,3.78,114.0,19,25,22625.0,False,False,False,False,False,False,False,False,False,False,False,False,False,False,False,False,False,False,False,False,True,False,True,False,True,False,False,False,True,False,False,False,True,True,False,False,False,True,False,False,False,False,False,False,True,False,False
